title,count,normalized,note
抽選会,2,抽選会,"May be cover, collaboration, event-only item, raffle, medley header, or spelling variant requiring manual mapping"
Winners feat. Reol & Giga,2,winnersfeatreol&giga,"May be cover, collaboration, event-only item, raffle, medley header, or spelling variant requiring manual mapping"
ray（そらる&夏代孝明）,2,rayそらる&夏代孝明,"May be cover, collaboration, event-only item, raffle, medley header, or spelling variant requiring manual mapping"
ジェミニ（96猫&れをる）,2,ジェミニ96猫&れをる,"May be cover, collaboration, event-only item, raffle, medley header, or spelling variant requiring manual mapping"
Starduster（そらる）,2,stardusterそらる,"May be cover, collaboration, event-only item, raffle, medley header, or spelling variant requiring manual mapping"
I'm Your Treasure Box *あなたは マリンせんちょうを たからばこからみつけた。,1,imyourtreasurebox*あなたはマリンせんちょうをたからばこからみつけた,"May be cover, collaboration, event-only item, raffle, medley header, or spelling variant requiring manual mapping"
BROKEN GAMES,1,brokengames,"May be cover, collaboration, event-only item, raffle, medley header, or spelling variant requiring manual mapping"
Winners,1,winners,"May be cover, collaboration, event-only item, raffle, medley header, or spelling variant requiring manual mapping"
松本ぼんぼん（Born Born Remix）,1,松本ぼんぼんbornbornremix,"May be cover, collaboration, event-only item, raffle, medley header, or spelling variant requiring manual mapping"
テトロドトキサイザ2号,1,テトロドトキサイザ2号,"May be cover, collaboration, event-only item, raffle, medley header, or spelling variant requiring manual mapping"
21世紀難民,1,21世紀難民,"May be cover, collaboration, event-only item, raffle, medley header, or spelling variant requiring manual mapping"
DESIRE -情熱-,1,desire-情熱-,"May be cover, collaboration, event-only item, raffle, medley header, or spelling variant requiring manual mapping"
03. Re:,1,03re,"May be cover, collaboration, event-only item, raffle, medley header, or spelling variant requiring manual mapping"
MASH UP,1,mashup,"May be cover, collaboration, event-only item, raffle, medley header, or spelling variant requiring manual mapping"
REOL MASH UP Remix TIME,1,reolmashupremixtime,"May be cover, collaboration, event-only item, raffle, medley header, or spelling variant requiring manual mapping"
スターライトパレード（天月）,1,スターライトパレード天月,"May be cover, collaboration, event-only item, raffle, medley header, or spelling variant requiring manual mapping"
月に負け犬（れをる）,1,月に負け犬れをる,"May be cover, collaboration, event-only item, raffle, medley header, or spelling variant requiring manual mapping"
星が瞬くこんな夜に（佐香智久）,1,星が瞬くこんな夜に佐香智久,"May be cover, collaboration, event-only item, raffle, medley header, or spelling variant requiring manual mapping"
帚星（夏代孝明）,1,帚星夏代孝明,"May be cover, collaboration, event-only item, raffle, medley header, or spelling variant requiring manual mapping"
星に願いを（そらる）,1,星に願いをそらる,"May be cover, collaboration, event-only item, raffle, medley header, or spelling variant requiring manual mapping"
星の唄（天月&佐香智久）,1,星の唄天月&佐香智久,"May be cover, collaboration, event-only item, raffle, medley header, or spelling variant requiring manual mapping"
下弦の月（96猫）,1,下弦の月96猫,"May be cover, collaboration, event-only item, raffle, medley header, or spelling variant requiring manual mapping"
小さな恋のうた（佐香智久）,1,小さな恋のうた佐香智久,"May be cover, collaboration, event-only item, raffle, medley header, or spelling variant requiring manual mapping"
月のワルツ（れをる）,1,月のワルツれをる,"May be cover, collaboration, event-only item, raffle, medley header, or spelling variant requiring manual mapping"
月のしずく（96猫）,1,月のしずく96猫,"May be cover, collaboration, event-only item, raffle, medley header, or spelling variant requiring manual mapping"
サクラミツツキ（天月）,1,サクラミツツキ天月,"May be cover, collaboration, event-only item, raffle, medley header, or spelling variant requiring manual mapping"
ホシトリアミ（夏代孝明）,1,ホシトリアミ夏代孝明,"May be cover, collaboration, event-only item, raffle, medley header, or spelling variant requiring manual mapping"
光るなら（全員）,1,光るなら全員,"May be cover, collaboration, event-only item, raffle, medley header, or spelling variant requiring manual mapping"
Jupiter（96猫）,1,jupiter96猫,"May be cover, collaboration, event-only item, raffle, medley header, or spelling variant requiring manual mapping"
星が消えた夏（夏代孝明）,1,星が消えた夏夏代孝明,"May be cover, collaboration, event-only item, raffle, medley header, or spelling variant requiring manual mapping"
花鳥風月（佐香智久）,1,花鳥風月佐香智久,"May be cover, collaboration, event-only item, raffle, medley header, or spelling variant requiring manual mapping"
アポロ（天月）,1,アポロ天月,"May be cover, collaboration, event-only item, raffle, medley header, or spelling variant requiring manual mapping"
星間飛行（そらる）,1,星間飛行そらる,"May be cover, collaboration, event-only item, raffle, medley header, or spelling variant requiring manual mapping"
フタリボシ（天月&佐香智久）,1,フタリボシ天月&佐香智久,"May be cover, collaboration, event-only item, raffle, medley header, or spelling variant requiring manual mapping"
スターフィッシュ（夏代孝明）,1,スターフィッシュ夏代孝明,"May be cover, collaboration, event-only item, raffle, medley header, or spelling variant requiring manual mapping"
星屑サンセット（れをる）,1,星屑サンセットれをる,"May be cover, collaboration, event-only item, raffle, medley header, or spelling variant requiring manual mapping"
Starduster（96猫）,1,starduster96猫,"May be cover, collaboration, event-only item, raffle, medley header, or spelling variant requiring manual mapping"
ホシアイ（天月）,1,ホシアイ天月,"May be cover, collaboration, event-only item, raffle, medley header, or spelling variant requiring manual mapping"
君の知らない物語（佐香智久）,1,君の知らない物語佐香智久,"May be cover, collaboration, event-only item, raffle, medley header, or spelling variant requiring manual mapping"
フィードバック・インターステラ（そらる）,1,フィードバックインターステラそらる,"May be cover, collaboration, event-only item, raffle, medley header, or spelling variant requiring manual mapping"
天体観測（全員）,1,天体観測全員,"May be cover, collaboration, event-only item, raffle, medley header, or spelling variant requiring manual mapping"
magnet（赤飯×ピコ）,1,magnet赤飯×ピコ,"May be cover, collaboration, event-only item, raffle, medley header, or spelling variant requiring manual mapping"
こちら、幸福安心委員会です。（＿＿（アンダーバー））,1,こちら幸福安心委員会ですアンダーバー,"May be cover, collaboration, event-only item, raffle, medley header, or spelling variant requiring manual mapping"
人生リセットボタン（松下）,1,人生リセットボタン松下,"May be cover, collaboration, event-only item, raffle, medley header, or spelling variant requiring manual mapping"
嗚呼、素晴らしきニャン生（＿＿（アンダーバー）×松下）,1,嗚呼素晴らしきニャン生アンダーバー×松下,"May be cover, collaboration, event-only item, raffle, medley header, or spelling variant requiring manual mapping"
Love Ninja（ROOT FIVE）,1,loveninjarootfive,"May be cover, collaboration, event-only item, raffle, medley header, or spelling variant requiring manual mapping"
MERRY GO ROUND（ROOT FIVE）,1,merrygoroundrootfive,"May be cover, collaboration, event-only item, raffle, medley header, or spelling variant requiring manual mapping"
Shiningray（96猫）,1,shiningray96猫,"May be cover, collaboration, event-only item, raffle, medley header, or spelling variant requiring manual mapping"
心做し（ピコ）,1,心做しピコ,"May be cover, collaboration, event-only item, raffle, medley header, or spelling variant requiring manual mapping"
虎視眈々（luz）,1,虎視眈々luz,"May be cover, collaboration, event-only item, raffle, medley header, or spelling variant requiring manual mapping"
MY→WAY（Dancing Dolls R）,1,my→waydancingdollsr,"May be cover, collaboration, event-only item, raffle, medley header, or spelling variant requiring manual mapping"
地球最後の告白を（un：c）,1,地球最後の告白をunc,"May be cover, collaboration, event-only item, raffle, medley header, or spelling variant requiring manual mapping"
マーシャルの嬌声（夏代孝明）,1,マーシャルの嬌声夏代孝明,"May be cover, collaboration, event-only item, raffle, medley header, or spelling variant requiring manual mapping"
アイマイ独立宣言（ゆうゆ×びびあん）,1,アイマイ独立宣言ゆうゆ×びびあん,"May be cover, collaboration, event-only item, raffle, medley header, or spelling variant requiring manual mapping"
S・K・Y（りょーくん）,1,skyりょーくん,"May be cover, collaboration, event-only item, raffle, medley header, or spelling variant requiring manual mapping"
二息歩行（りょーくん×赤飯）,1,二息歩行りょーくん×赤飯,"May be cover, collaboration, event-only item, raffle, medley header, or spelling variant requiring manual mapping"
見習いハーデス（赤飯）,1,見習いハーデス赤飯,"May be cover, collaboration, event-only item, raffle, medley header, or spelling variant requiring manual mapping"
The Bandits（Gero）,1,thebanditsgero,"May be cover, collaboration, event-only item, raffle, medley header, or spelling variant requiring manual mapping"
Calc.Piano ver（いかさん）,1,calcpianoverいかさん,"May be cover, collaboration, event-only item, raffle, medley header, or spelling variant requiring manual mapping"
Cotton Candy Cloud（cleanero）,1,cottoncandycloudcleanero,"May be cover, collaboration, event-only item, raffle, medley header, or spelling variant requiring manual mapping"
からくりピエロ koma'nアレンジver（koma'n（Pf）×cleanero）,1,からくりピエロkomanアレンジverkomanpf×cleanero,"May be cover, collaboration, event-only item, raffle, medley header, or spelling variant requiring manual mapping"
心拍数＃0822（kain）,1,心拍数#0822kain,"May be cover, collaboration, event-only item, raffle, medley header, or spelling variant requiring manual mapping"
サリシノハラ（みきとP×kain）,1,サリシノハラみきとp×kain,"May be cover, collaboration, event-only item, raffle, medley header, or spelling variant requiring manual mapping"
Super☆D（みきとP×まじ娘）,1,super☆dみきとp×まじ娘,"May be cover, collaboration, event-only item, raffle, medley header, or spelling variant requiring manual mapping"
View（蝶々P×rairu）,1,view蝶々p×rairu,"May be cover, collaboration, event-only item, raffle, medley header, or spelling variant requiring manual mapping"
Drive into you（samfree×柿チョコ、Dancing Dolls R）,1,driveintoyousamfree×柿チョコdancingdollsr,"May be cover, collaboration, event-only item, raffle, medley header, or spelling variant requiring manual mapping"
By Your Side（八王子P×伊東歌詞太郎）,1,byyourside八王子p×伊東歌詞太郎,"May be cover, collaboration, event-only item, raffle, medley header, or spelling variant requiring manual mapping"
デート（HoneyWorks×鎖那）,1,デートhoneyworks×鎖那,"May be cover, collaboration, event-only item, raffle, medley header, or spelling variant requiring manual mapping"
今好きになる。（HoneyWorks×鎖那）,1,今好きになるhoneyworks×鎖那,"May be cover, collaboration, event-only item, raffle, medley header, or spelling variant requiring manual mapping"
世界は恋に落ちている（CHiCO with HoneyWorks）,1,世界は恋に落ちているchicowithhoneyworks,"May be cover, collaboration, event-only item, raffle, medley header, or spelling variant requiring manual mapping"
金曜日のおはよう（HoneyWorks×Gero）,1,金曜日のおはようhoneyworks×gero,"May be cover, collaboration, event-only item, raffle, medley header, or spelling variant requiring manual mapping"
ルカルカ★ナイトフィーバー（samfree×愛川こずえ with I LoVU）,1,ルカルカ★ナイトフィーバーsamfree×愛川こずえwithilovu,"May be cover, collaboration, event-only item, raffle, medley header, or spelling variant requiring manual mapping"
夜咄ディセイブ（un：c×夏代孝明）,1,夜咄ディセイブunc×夏代孝明,"May be cover, collaboration, event-only item, raffle, medley header, or spelling variant requiring manual mapping"
ローリンガール（ぐるたみん）,1,ローリンガールぐるたみん,"May be cover, collaboration, event-only item, raffle, medley header, or spelling variant requiring manual mapping"
脳漿炸裂ガール（れをる×＋α/あるふぁきゅん×れるりり）,1,脳漿炸裂ガールれをる×+αあるふぁきゅん×れるりり,"May be cover, collaboration, event-only item, raffle, medley header, or spelling variant requiring manual mapping"
聖槍爆裂ボーイ（いかふぁきゅん（いかさん×＋α/あるふぁきゅん。）×れるりり）,1,聖槍爆裂ボーイいかふぁきゅんいかさん×+αあるふぁきゅん×れるりり,"May be cover, collaboration, event-only item, raffle, medley header, or spelling variant requiring manual mapping"
マトリョシカ（ROOT FIVE×luz）,1,マトリョシカrootfive×luz,"May be cover, collaboration, event-only item, raffle, medley header, or spelling variant requiring manual mapping"
千本桜（ALL ARTISTS）,1,千本桜allartists,"May be cover, collaboration, event-only item, raffle, medley header, or spelling variant requiring manual mapping"
えれくとりっく・えんじぇぅ（れをる）,1,えれくとりっくえんじぇぅれをる,"May be cover, collaboration, event-only item, raffle, medley header, or spelling variant requiring manual mapping"
からくりピエロ（96猫）,1,からくりピエロ96猫,"May be cover, collaboration, event-only item, raffle, medley header, or spelling variant requiring manual mapping"
流線プリズム（kradness＆れをる）,1,流線プリズムkradness&れをる,"May be cover, collaboration, event-only item, raffle, medley header, or spelling variant requiring manual mapping"
ＤＪギガＰ,1,djギガp,"May be cover, collaboration, event-only item, raffle, medley header, or spelling variant requiring manual mapping"
へたくそユートピア政策（スズム）,1,へたくそユートピア政策スズム,"May be cover, collaboration, event-only item, raffle, medley header, or spelling variant requiring manual mapping"
演奏者・ダンサー紹介,1,演奏者ダンサー紹介,"May be cover, collaboration, event-only item, raffle, medley header, or spelling variant requiring manual mapping"
cLick cRack（れをる＆kradness＆そらる＆96猫）,1,clickcrackれをる&kradness&そらる&96猫,"May be cover, collaboration, event-only item, raffle, medley header, or spelling variant requiring manual mapping"
トーク,1,トーク,"May be cover, collaboration, event-only item, raffle, medley header, or spelling variant requiring manual mapping"
トーク２,1,トーク2,"May be cover, collaboration, event-only item, raffle, medley header, or spelling variant requiring manual mapping"
