venueId,name,typeGuess,capacity,capacityKind,seatedCapacity,capacityStatus,verifiedAt,verificationSourceUrls,siteUrl,address,sourceLiveUuids
venue_big_cat,BIG CAT,live_house,,,,needs_web_verification,,,http://www.bigcat-live.com/,〒542-0086 大阪府大阪市中央区西心斎橋１丁目６−１４ BIGSTEP 4F,019e8284-6ef0-7b6b-9a0e-18c7b62839c8|019e8284-82bf-7279-90da-bbe763c75e71
venue_cube_garden,cube garden,live_house,,,,needs_web_verification,,,http://www.cube-garden.com/,〒060-0032 北海道札幌市中央区北２条東３丁目２−５ ｃｕｂｅ ｇａｒｄｅｎ,019e8284-7079-7afe-9ce9-a931cde94292
venue_drum_be_7,DRUM Be-7,live_house,,,,needs_web_verification,,,http://www.live-drum.com/,長崎県長崎市銅座町14-5,019e8284-9148-7f4e-b33a-0a731e8b057e
venue_drum_logos,DRUM LOGOS,live_house,,,,needs_web_verification,,,http://www.live-drum.com/,〒810-0073 福岡県福岡市中央区舞鶴１丁目８−２５,019e8284-7266-7fd4-94bb-b58bf6cef96b|019e8284-769c-725d-b466-ae659843b954
venue_ex_theater_roppongi,EX THEATER ROPPONGI,live_house,,,,needs_web_verification,,,http://www.ex-theater.com/,〒106-0031 東京都港区西麻布１丁目２−９,019e8284-71f9-7490-a34f-5c74c54bd7a9
venue_heavens_rock_utsunomiya_vj_2,HEAVEN'S ROCK UTSUNOMIYA VJ-2,live_house,,,,needs_web_verification,,,https://www.heavensrock.com/utsunomiya/access/,栃木県宇都宮市宮園町5-33 東武宇都宮西口ビルB1F,019e8284-9148-7f4e-b33a-0a731e8b057e
venue_hondae_muvhall,HONDAE MUVHALL,hall,,,,needs_web_verification,,,,,019e8284-7266-7fd4-94bb-b58bf6cef96b
venue_hongdae_v_hall,HONGDAE V-HALL,hall,,,,needs_web_verification,,,http://www.vhall.co.kr/main/,"２５ Hongik-ro, Mapo-gu, Seoul, 韓国",019e8284-7017-73c9-b0e6-5b6e10dc165d
venue_hynes_convention_center_in_boston,Hynes Convention Center in Boston,exhibition,,,,needs_web_verification,,,https://www.signatureboston.com/hynes,"900 Boylston St, Boston, MA 02115 アメリカ合衆国",019e8284-8df4-78ef-b518-cc18e3fd346f
venue_istora_gelora_bung_karno_jakarta_indonesia,"Istora Gelora Bung Karno Jakarta, Indonesia.",arena,,,,needs_web_verification,,,http://gelorabungkarno.co.id/,"Jl. Pintu Satu Senayan No.1, RT.1/RW.3, Gelora, Kecamatan Tanah Abang, Kota Jakarta Pusat, Daerah Khusus Ibukota Jakarta 10270 インドネシア",019e8284-7ee4-7dd4-9e91-d496d0794669
venue_kintex_hall,KINTEX HALL,exhibition,,,,needs_web_verification,,,https://www.kintex.com/,"217−60  Kintex-ro, Ilsanseo-gu, Goyang-si, Gyeonggi-do, 韓国",019e8284-883e-7930-a992-5ce81682402c
venue_kt_zepp_yokohama,KT Zepp Yokohama,live_house,2146,standing,1251,verified,2026-05-17,https://www.zepp.co.jp/hall/yokohama/,https://www.zepp.co.jp/hall/yokohama/,〒220-0012 神奈川県横浜市西区みなとみらい4-3-6,019e8284-7c76-7696-a0b5-ce0f4f776156|019e8284-8a60-7ab0-b760-4ee7014359a6
venue_kyoto_fanj,KYOTO FANJ,live_house,,,,needs_web_verification,,,http://www.kyoto-fanj.com/information.html,京都府京都市下京区四条通寺町東入2丁目御旅町48,019e8284-9148-7f4e-b33a-0a731e8b057e
venue_line_cube_shibuya,LINE CUBE SHIBUYA,hall,1956,seated,,verified,2026-05-17,https://linecubeshibuya.com/facility,https://linecubeshibuya.com/,〒150-8010 東京都渋谷区宇田川町1-1,019e8284-769c-725d-b466-ae659843b954|019e8284-78f9-7151-851e-dab821f871cf|019e8284-9148-7f4e-b33a-0a731e8b057e
venue_live_roxy_shizuoka,LIVE ROXY SHIZUOKA,live_house,,,,needs_web_verification,,,https://live-roxy.com/,〒420-0851 静岡県静岡市葵区黒金町２８−１−２,019e8284-8137-72c8-a205-53a93aee8b1c
venue_mao_live_house,Mao live house,live_house,,,,needs_web_verification,,,http://mao-music.com/,"308 Chongqing Nan Lu, Beijing, 中国",019e8284-7266-7fd4-94bb-b58bf6cef96b
venue_mao_livehouse,MAO livehouse,live_house,,,,needs_web_verification,,,http://mao-music.com/,"308 Chongqing Nan Lu, Beijing, 中国",019e8284-6ef0-7b6b-9a0e-18c7b62839c8
venue_modernsky_lab,Modernsky Lab,live_house,,,,needs_web_verification,,,,"中国 Yunnan, Kunming, Xishan, 杨家路 邮政编码: 650228",019e8284-7266-7fd4-94bb-b58bf6cef96b
venue_musinsa_garage,musinsa garage,live_house,,,,needs_web_verification,,,https://www.musinsagarage.com/,"３２ Jandari-ro, Mapo-gu, Seoul, 韓国",019e8284-825f-70e6-a02e-a13ba8fa9c23
venue_nagano_club_junk_box,NAGANO CLUB JUNK BOX,live_house,,,,needs_web_verification,,,http://www.junkbox.co.jp/nagano/sp/info.html,長野県長野市南石堂町1423,019e8284-9148-7f4e-b33a-0a731e8b057e
venue_nubond_live_house,NUBOND LIVE HOUSE,live_house,,,,needs_web_verification,,,,,019e8284-825f-70e6-a02e-a13ba8fa9c23
venue_portal,PORTAL,unknown,,,,needs_web_verification,,,,,019e8284-88b1-79fe-846b-112b2ad73457
venue_reny_limited,ReNY limited,live_house,,,,needs_web_verification,,,https://ruido.org/nagoya_reny/,〒460-0008 愛知県名古屋市中区栄３丁目１５−２０ B1・B2 エンゼルビル,019e8284-7266-7fd4-94bb-b58bf6cef96b|019e8284-7468-7f47-be00-07706aa1fbb7
venue_seattle_convention_center,Seattle Convention Center,exhibition,,,,needs_web_verification,,,https://seattleconventioncenter.com/,"705 Pike St, Seattle, WA 98101 アメリカ合衆国",019e8284-8d78-79c0-9801-bcfa308eca6c
venue_spotify_o_east,Spotify O-EAST,live_house,,,,needs_web_verification,,,https://shibuya-o.com/east/?utm_source=business-profile&utm_medium=listing,〒150-0043 東京都渋谷区道玄坂２丁目１４−８,019e8284-82bf-7279-90da-bbe763c75e71
venue_t_o_p_s_bittshall,T.O.P.S BittsHALL,hall,,,,needs_web_verification,,,https://www.oita-tops.com/bittshall,〒870-0003 大分県大分市生石５丁目３−７８３,019e8284-8137-72c8-a205-53a93aee8b1c
venue_tango_live,Tango live,live_house,,,,needs_web_verification,,,,,019e8284-7266-7fd4-94bb-b58bf6cef96b
venue_tobacco_dock,Tobacco Dock,exhibition,,,,needs_web_verification,,,,,019e8284-70d8-7923-9e26-90d49fe34214
venue_tokyo_dome_city_hall,TOKYO DOME CITY HALL,hall,3190,standing,2471,verified,2026-05-17,https://www.tokyo-dome.co.jp/business/event-space/,https://www.tokyo-dome.co.jp/tdc-hall/,〒112-8575 東京都文京区後楽1-3-61,019e8284-7c76-7696-a0b5-ce0f4f776156
venue_tsutaya_o_east,TSUTAYA O-EAST,live_house,,,,needs_web_verification,,,https://shibuya-o.com/east/?utm_source=business-profile&utm_medium=listing,〒150-0043 東京都渋谷区道玄坂２丁目１４−８,019e8284-6ef0-7b6b-9a0e-18c7b62839c8
venue_veats_shibuya,Veats Shibuya,live_house,,,,needs_web_verification,,,https://veats.jp/,〒150-0042 東京都渋谷区宇田川町３３−１ グランド東京渋谷ビル,019e8284-74e0-70ed-a033-6668f1643f26
venue_yes24_wanderloch_hall,YES24 WANDERLOCH HALL,hall,,,,needs_web_verification,,,https://wanderlochhall.imweb.me/,"１２９ Sinchon-ro, Seodaemun-gu, Seoul, 韓国",019e8284-9148-7f4e-b33a-0a731e8b057e
venue_yogibo_meta_valley,Yogibo META VALLEY,live_house,,,,needs_web_verification,,,https://selebro.co.jp/metavalley/,〒556-0011 大阪府大阪市浪速区難波中２丁目１１−１,019e8284-8605-7b52-a298-29ba6fe3856d
venue_yokohama_bayhall,YOKOHAMA BayHall,hall,,,,needs_web_verification,,,https://bayhall.jp/access/,神奈川県横浜市神奈川区金港町1-10,019e8284-9148-7f4e-b33a-0a731e8b057e
venue_zepp_divercity_tokyo,Zepp DiverCity (TOKYO),live_house,2473,standing,1102,verified,2026-05-17,https://www.zepp.co.jp/hall/divercity/,https://www.zepp.co.jp/hall/divercity/,〒135-0064 東京都江東区青海1-1-10 ダイバーシティ東京プラザ,019e8284-88b1-79fe-846b-112b2ad73457
venue_zepp_divercity,Zepp DiverCity (TOKYO),live_house,2473,standing,1102,verified,2026-05-17,https://www.zepp.co.jp/hall/divercity/,https://www.zepp.co.jp/hall/divercity/,〒135-0064 東京都江東区青海1-1-10 ダイバーシティ東京プラザ,019e8284-81fd-70ec-b1ce-109ea8bc6939
venue_zepp_fukuoka,Zepp Fukuoka,live_house,1526,standing,669,verified,2026-05-17,https://www.zepp.co.jp/hall/fukuoka/,https://www.zepp.co.jp/hall/fukuoka/,〒810-8639 福岡県福岡市中央区地行浜2-2-1,019e8284-79b9-797b-b7ab-5f3f80d0db18|019e8284-7c76-7696-a0b5-ce0f4f776156|019e8284-8137-72c8-a205-53a93aee8b1c
venue_zepp_haneda,Zepp Haneda (TOKYO),live_house,2925,standing,1207,verified,2026-05-17,https://www.zepp.co.jp/hall/haneda/,https://www.zepp.co.jp/hall/haneda/,〒144-0041 東京都大田区羽田空港1-1-4 HANEDA INNOVATION CITY ZONE H,019e8284-79b9-797b-b7ab-5f3f80d0db18
venue_zepp_nagoya,Zepp Nagoya,live_house,1864,standing,741,verified,2026-05-17,https://www.zepp.co.jp/hall/nagoya/,https://www.zepp.co.jp/hall/nagoya/,〒453-0872 愛知県名古屋市中村区平池町4-60-7,019e8284-79b9-797b-b7ab-5f3f80d0db18|019e8284-7c76-7696-a0b5-ce0f4f776156|019e8284-8137-72c8-a205-53a93aee8b1c|019e8284-88b1-79fe-846b-112b2ad73457
venue_zeep_namba,Zepp Namba (OSAKA),live_house,2513,standing,1206,verified,2026-05-17,https://www.zepp.co.jp/hall/namba/,https://www.zepp.co.jp/hall/namba/,〒556-0012 大阪府大阪市浪速区敷津東2-1-39,019e8284-8eb6-7fbd-99fd-83a8b1f63378
venue_zepp_namba,Zepp Namba (OSAKA),live_house,2513,standing,1206,verified,2026-05-17,https://www.zepp.co.jp/hall/namba/,https://www.zepp.co.jp/hall/namba/,〒556-0012 大阪府大阪市浪速区敷津東2-1-39,019e8284-7136-7d18-868c-c3b750f137e1
venue_zepp_new_taipei,Zepp New Taipei,live_house,2245,standing,1025,verified,2026-05-17,https://www.zepp.co.jp/hall/newtaipei/,https://www.zepp.co.jp/hall/newtaipei/,新北市新莊區新北大道四段3號8樓【宏匯廣場】,019e8284-825f-70e6-a02e-a13ba8fa9c23|019e8284-9148-7f4e-b33a-0a731e8b057e
venue_zepp_osaka_bayside,Zepp Osaka Bayside,live_house,2801,standing,1198,verified,2026-05-17,https://www.zepp.co.jp/hall/osakabayside/,https://www.zepp.co.jp/hall/osakabayside/,〒554-0031 大阪府大阪市此花区桜島1-1-61,019e8284-79b9-797b-b7ab-5f3f80d0db18|019e8284-7c76-7696-a0b5-ce0f4f776156|019e8284-88b1-79fe-846b-112b2ad73457
venue_zepp_tokyo,Zepp Tokyo,live_house,,,,needs_web_verification,,,https://www.zepp.co.jp/hall/tokyo/,〒135-0064 東京都江東区青海１丁目３−１１,019e8284-7017-73c9-b0e6-5b6e10dc165d|019e8284-7266-7fd4-94bb-b58bf6cef96b
venue_オリックス劇場,オリックス劇場,hall,2400,seated,,verified,2026-05-17,https://www.orixtheater.jp/information/guide/,https://www.orixtheater.jp/,〒550-0013 大阪府大阪市西区新町1丁目14番15号,019e8284-9148-7f4e-b33a-0a731e8b057e
venue_ト_クネットホ_ル仙台,トークネットホール仙台,hall,,,,needs_web_verification,,,https://sendai.pia-pit.jp/access/index.html,宮城県仙台市青葉区中央2-7-11,019e8284-9148-7f4e-b33a-0a731e8b057e
venue_なんばhatch,なんばHatch,live_house,1931,max,,verified,2026-05-17,https://www.oud.co.jp/riverplace/about/namba-hatch.html,https://www.namba-hatch.com/,〒556-0017 大阪府大阪市浪速区湊町1丁目3-1,019e8284-7017-73c9-b0e6-5b6e10dc165d|019e8284-71f9-7490-a34f-5c74c54bd7a9|019e8284-7266-7fd4-94bb-b58bf6cef96b|019e8284-769c-725d-b466-ae659843b954|019e8284-8598-78a5-b9d6-073d38283314
venue_ぴあアリ_ナmm,ぴあアリーナMM,arena,12141,standing,10057,verified,2026-05-17,https://pia-arena-mm.jp/assets/images/facility_summary.pdf,https://pia-arena-mm.jp/,〒220-0012 神奈川県横浜市西区みなとみらい3-2-2,019e8284-7951-7809-92bc-6a9fadc897fb
venue_フィラ_バルセロナ_グラン_ビア,フィラ・バルセロナ・グラン・ビア,unknown,,,,needs_web_verification,,,https://www.barcelona-tourist-guide.com/ja/shigoto/fira-barcelona-gran-via-baruserona.html,"Fira Gran Via - Gate 4 / Porta 4
Carrer de la Botànica, 64 - 08908 L'Hospitalet de Llobregat, Barcelona",019f1dd4-db23-741a-a47d-199e67da41ed
venue_フェスティバルホ_ル,フェスティバルホール,hall,2700,seated,,verified,2026-05-17,https://www.festivalhall.jp/about/,https://www.festivalhall.jp/,〒530-0005 大阪府大阪市北区中之島2丁目3-18,019e8284-8137-72c8-a205-53a93aee8b1c
venue_フェニ_チェ堺,フェニーチェ堺,hall,,,,needs_web_verification,,,https://www.fenice-sacay.jp/,〒590-0061 大阪府堺市堺区翁橋町２丁１−１,019e8284-78f9-7151-851e-dab821f871cf
venue_まつもと市民芸術館,まつもと市民芸術館,hall,,,,needs_web_verification,,,https://www.mpac.jp/,〒390-0815 長野県松本市深志３丁目１０−１,019e8284-7c76-7696-a0b5-ce0f4f776156
venue_みちのく公園_北地区,みちのく公園 北地区,outdoor_festival,,,,needs_web_verification,,,,〒989-1503 宮城県柴田郡川崎町川内藤折,019e8284-7ce5-76df-ae95-dd262899a483
venue_旭川casino_drive,旭川CASINO DRIVE,live_house,300,standing,,verified,2026-05-17,https://www.casinodrive.info/,https://www.casinodrive.info/,〒070-0034 北海道旭川市4条通8丁目1703-5 アピスホール4階,019e8284-9148-7f4e-b33a-0a731e8b057e
venue_横浜アリ_ナ,横浜アリーナ,arena,17000,max,,verified,2026-05-17,https://www.yokohama-arena.co.jp/organizer/equipment/,https://www.yokohama-arena.co.jp/,〒222-0033 神奈川県横浜市港北区新横浜3丁目10番地,019e8284-7bab-79d4-ac3d-b6ec794328db|019e8284-9004-71cd-8d29-3e1b6cb843be
venue_岡山_crazymama_kingdom,岡山 CRAZYMAMA KINGDOM,live_house,,,,needs_web_verification,,,http://banquetunion.com/kingdom/,〒700-0836 岡山県岡山市北区中央町６−２２ 中央町ヒルズ 4F,019e8284-8137-72c8-a205-53a93aee8b1c
venue_岡谷鋼機名古屋公会堂,岡谷鋼機名古屋公会堂,hall,,,,needs_web_verification,,,https://nagoyashi-kokaido.hall-info.jp/access/,愛知県名古屋市昭和区鶴舞1-1-3,019e8284-9148-7f4e-b33a-0a731e8b057e
venue_海とのふれあい広場,海とのふれあい広場,outdoor_festival,,,,needs_web_verification,,,http://www.city.sakai.lg.jp/shisei/toshi/rinkai/umifureai/,〒590-0908 大阪府堺市堺区匠町６−１,019e8284-7daa-7cff-bf0a-c5af3c54630a
venue_岐阜club_g,岐阜Club-G,live_house,,,,needs_web_verification,,,https://club-g.jp/access.html,岐阜県岐阜市玉宮町2-5,019e8284-9148-7f4e-b33a-0a731e8b057e
venue_金沢_エイトホ_ル,金沢 エイトホール,hall,,,,needs_web_verification,,,http://www.eighthall.com/,〒920-0981 石川県金沢市片町１丁目６−１０ ブラザービル 2F,019e8284-8137-72c8-a205-53a93aee8b1c
venue_熊本b_9_v1,熊本B.9 V1,live_house,,,,needs_web_verification,,,http://www.live-drum.com/be9/index1.shtml,熊本県熊本市城東町5-13,019e8284-9148-7f4e-b33a-0a731e8b057e
venue_原宿_astro_hall,原宿 ASTRO HALL,hall,,,,needs_web_verification,,,https://ja.wikipedia.org/wiki/%E5%8E%9F%E5%AE%BF%E3%82%A2%E3%82%B9%E3%83%88%E3%83%AD%E3%83%9B%E3%83%BC%E3%83%AB,〒150-0001 東京都渋谷区神宮前4丁目32-12 ニューウェイヴ原宿地下1階,019e8284-6d3e-7f46-89f0-1461daae9eeb
venue_広島クラブクアトロ,広島クラブクアトロ,live_house,,,,needs_web_verification,,,https://www.club-quattro.com/,〒730-0035 広島県広島市中区本通１０−１,019e8284-769c-725d-b466-ae659843b954|019e8284-7c76-7696-a0b5-ce0f4f776156|019e8284-8137-72c8-a205-53a93aee8b1c
venue_高松_dime,高松 DIME,live_house,,,,needs_web_verification,,,https://www.dime-dime.com/,〒760-0051 香川県高松市南新町１−４ ５階,019e8284-8137-72c8-a205-53a93aee8b1c
venue_高松_festhalle,高松 festhalle,outdoor_festival,,,,needs_web_verification,,,http://festhalle.jp/,〒760-0054 香川県高松市常磐町１丁目３−２,019e8284-7c76-7696-a0b5-ce0f4f776156
venue_国営ひたち海浜公園,国営ひたち海浜公園,outdoor_festival,,,,needs_web_verification,,,https://hitachikaihin.jp/,〒312-0012 茨城県ひたちなか市馬渡 字大沼605-4,019e8284-7398-7161-8232-c0f7f40a58b0|019e8284-7e16-73b5-b644-5b0db5adb6c1
venue_国立代々木競技場第一体育館,国立代々木競技場 第一体育館,arena,12934,max,12898,verified,2026-05-17,https://www.jpnsport.go.jp/yoyogi/Default.aspx?TabId=70,https://www.jpnsport.go.jp/yoyogi/,〒150-0041 東京都渋谷区神南2-1-1,019e8284-6e21-705d-b925-9c8d28cbe073
venue_桜坂セントラル,桜坂セントラル,live_house,,,,needs_web_verification,,,http://www.nahacentral.com/about.html,沖縄県那覇市牧志3-9-26,019e8284-9148-7f4e-b33a-0a731e8b057e
venue_札幌ペニ_レ_ン24,札幌ペニーレーン24,live_house,,,,needs_web_verification,,,https://www.pl24.jp/info.html,北海道札幌市中央区南4条西5丁目,019e8284-7266-7fd4-94bb-b58bf6cef96b|019e8284-769c-725d-b466-ae659843b954|019e8284-8137-72c8-a205-53a93aee8b1c|019e8284-9148-7f4e-b33a-0a731e8b057e
venue_札幌芸術の森野外ステ_ジ,札幌芸術の森野外ステージ,outdoor_festival,,,,needs_web_verification,,,,〒005-0864 北海道札幌市南区芸術の森２丁目９１０−１,019e8284-6fb3-7eff-9d85-01c4e051436a
venue_周南rising_hall,周南RISING HALL,hall,,,,needs_web_verification,,,https://risinghallshunan.wixsite.com/rising-hall/access,山口県周南市銀南街49番地4F,019e8284-9148-7f4e-b33a-0a731e8b057e
venue_渋谷ストリ_ムホ_ル,渋谷ストリームホール,hall,,,,needs_web_verification,,,http://stream-hall.jp/,〒150-0002 東京都渋谷区渋谷３丁目２１−３,019e8284-72c7-775a-99b2-f53a45b873a3
venue_昭和女子大学人見記念講堂,昭和女子大学人見記念講堂,hall,,,,needs_web_verification,,,https://hall.swu.ac.jp/,〒154-8533 東京都世田谷区太子堂１丁目７−５７,019e8284-8137-72c8-a205-53a93aee8b1c
venue_松下impホ_ル,松下IMPホール,hall,,,,needs_web_verification,,,https://www.kanden-kaijyou.jp/event_hole/imp/,〒540-6301 大阪府大阪市中央区城見１丁目３−７,019e8284-7468-7f47-be00-07706aa1fbb7
venue_松阪maxa,松阪M'AXA,live_house,,,,needs_web_verification,,,https://www.maxa.jp/access/,三重県松阪市市場庄町1148-2,019e8284-9148-7f4e-b33a-0a731e8b057e
venue_松山_wstudio_red,松山 Wstudio RED,live_house,,,,needs_web_verification,,,http://red.double-ustudio.com/,〒790-0012 愛媛県松山市湊町４丁目１０−８,019e8284-8137-72c8-a205-53a93aee8b1c
venue_新潟_lots,新潟 LOTS,live_house,,,,needs_web_verification,,,http://www.fmniigata.com/user/lots/,〒950-0908 新潟県新潟市中央区幸西４丁目３−５ 新潟ＬＯＴＳ,019e8284-8137-72c8-a205-53a93aee8b1c
venue_新潟lots,新潟LOTS,live_house,,,,needs_web_verification,,,https://www.fmniigata.com/lots/access,新潟県新潟市中央区古町通6-953-1,019e8284-9148-7f4e-b33a-0a731e8b057e
venue_新潟テルサ,新潟テルサ,hall,,,,needs_web_verification,,,https://www.n-terrsa.jp/,〒950-1141 新潟県新潟市中央区鐘木１８５−１８,019e8284-8058-7ca9-9450-058b657d4a33
venue_新宿reny,新宿ReNY,live_house,,,,needs_web_verification,,,http://ruido.org/reny/index.html,〒160-0023 東京都新宿区西新宿６丁目５−１ アイランドホール ２F,019e8284-6da9-7a15-94df-245b2aa9df62
venue_新北市_新北大都会公園,新北市・新北大都会公園,outdoor_festival,,,,needs_web_verification,,,https://www.ototix.com/events/Bandstival2025/Bandstival2025-live,"Section 1, Shuiyang Rd, Sanchong District, New Taipei City, 台湾 241",019e8284-9071-7d43-8734-eed95e90a1bc
venue_新木場スタジオコ_スト,新木場スタジオコースト,live_house,,,,needs_web_verification,,,http://www.studio-coast.com/,〒136-0082 東京都江東区新木場２丁目２−１０,019e8284-7468-7f47-be00-07706aa1fbb7
venue_神戸harbor_studio,神戸Harbor Studio,live_house,600,max,,verified,2026-05-17,https://www.city.kobe.lg.jp/documents/63800/00_4_shisetsuichiran_20230828.pdf,https://harbor-studio.net/,〒650-0042 兵庫県神戸市中央区波止場町6-3 甲陽運輸内1F,019e8284-9148-7f4e-b33a-0a731e8b057e
venue_神戸ハ_バ_スタジオ,神戸Harbor Studio,live_house,600,max,,verified,2026-05-17,https://www.city.kobe.lg.jp/documents/63800/00_4_shisetsuichiran_20230828.pdf,https://harbor-studio.net/,〒650-0042 兵庫県神戸市中央区波止場町6-3 甲陽運輸内1F,019e8284-8137-72c8-a205-53a93aee8b1c
venue_神奈川県民ホ_ル,神奈川県民ホール,hall,,,,needs_web_verification,,,http://www.kanagawa-kenminhall.com/,〒231-0023 神奈川県横浜市中区山下町３−１,019e8284-769c-725d-b466-ae659843b954|019e8284-8137-72c8-a205-53a93aee8b1c
venue_盛岡_club_change_wave,盛岡 club change WAVE,live_house,,,,needs_web_verification,,,http://clubchange.com/,〒020-0022 岩手県盛岡市大通り１丁目１１−１２ ヒグチビル B1,019e8284-8137-72c8-a205-53a93aee8b1c
venue_青森quarter,青森Quarter,live_house,,,,needs_web_verification,,,https://aomoriquarter.com/access,青森県青森市安方2-11-3,019e8284-9148-7f4e-b33a-0a731e8b057e
venue_静安体育中心,静安体育中心,arena,,,,needs_web_verification,,,,,019e8284-8f91-78df-b109-b0d9a80b235c
venue_赤坂blitz,赤坂BLITZ,live_house,,,,needs_web_verification,,,http://www.tbs.co.jp/blitz/,〒107-0052 東京都港区赤坂５丁目３−２,019e8284-6f4f-7c25-b6cc-8640050428b8
venue_仙台_gigs,仙台 GIGS,live_house,,,,needs_web_verification,,,https://www.sendaigigs.com/,〒984-0030 宮城県仙台市若林区荒井東１丁目４−１,019e8284-8137-72c8-a205-53a93aee8b1c
venue_仙台_rensa,仙台 Rensa,live_house,,,,needs_web_verification,,,http://www.rensa.jp/,〒980-0811 宮城県仙台市青葉区一番町４丁目９−１８ Ticビル 7F,019e8284-769c-725d-b466-ae659843b954
venue_仙台pit,仙台PIT,live_house,,,,needs_web_verification,,,http://sendai-pit.team-smile.org/,〒982-0007 宮城県仙台市太白区あすと長町２丁目２−５０,019e8284-79b9-797b-b7ab-5f3f80d0db18|019e8284-7c76-7696-a0b5-ce0f4f776156
venue_千葉市蘇我スポ_ツ公園,千葉市蘇我スポーツ公園,outdoor_festival,,,,needs_web_verification,,,http://sogasportspark.com/,〒260-0835 千葉県千葉市中央区川崎町１−２０,019e8284-7aab-752e-926c-e7c32e2ace07
venue_川崎市東扇島東公園特設会場,川崎市東扇島東公園特設会場,outdoor_festival,,,,needs_web_verification,,,,〒210-0869 神奈川県川崎市川崎区東扇島58-1,019e8284-8e53-75a8-a4e0-e148b54fd0eb
venue_太空间_live_house,太空间 LIVE HOUSE,live_house,,,,needs_web_verification,,,,,019e8284-825f-70e6-a02e-a13ba8fa9c23
venue_大宮ソニックシティ,大宮ソニックシティ,hall,,,,needs_web_verification,,,https://www.sonic-city.or.jp/,〒330-0854 埼玉県さいたま市大宮区桜木町１丁目７−５,019e8284-6e8a-7abc-a342-ff382f76b9da
venue_大阪城音楽堂,大阪城音楽堂,outdoor_festival,,,,needs_web_verification,,,https://www.osakacastlepark.jp/ongakudo/,〒540-0002 大阪府大阪市中央区大阪城３−１１,019e8284-7b28-76c8-8215-aed344698f6f
venue_中杭州太子湾公園_中国,中杭州太子湾公園（中国）,outdoor_festival,,,,needs_web_verification,,,,,019e8284-87b5-7796-98e2-9817d14747ae
venue_中国上海_森蘭緑地_sen_lan_green_park,中国上海・森蘭緑地（Sen Lan Green Park),outdoor_festival,,,,needs_web_verification,,,,"中華人民共和国 Shang Hai Shi, Pu Dong Xin Qu, 张杨北路2700号 邮政编码: 200128",019e8284-80c6-756b-8ed3-a4241a1c7978
venue_中野サンプラザ,中野サンプラザ,hall,,,,needs_web_verification,,,,〒164-8512 東京都中野区中野４丁目１−１,019e8284-7d4e-7b3e-8757-9fb2c90aaf78
venue_東京_ニッショ_ホ_ル,東京 ニッショーホール,hall,,,,needs_web_verification,,,http://nissho-hall.jp/accesmap.html,〒105-0021 東京都港区東新橋1-1-19 ヤクルト本社ビル,019e8284-6cd6-7138-99cc-22a335d06b80
venue_徳島club_grindhouse,徳島club GRINDHOUSE,live_house,,,,needs_web_verification,,,https://c-gh.jp/,徳島県徳島市秋田町2-23 ジョイフルビル3F,019e8284-9148-7f4e-b33a-0a731e8b057e
venue_日本武道館,日本武道館,arena,14471,max,,verified,2026-05-17,https://www.nipponbudokan.or.jp/pdf/201704.pdf,https://www.nipponbudokan.or.jp/,〒102-8321 東京都千代田区北の丸公園2番3号,019e8284-8535-7303-acd8-712a29fea774
venue_梅田バナナホ_ル,梅田バナナホール,hall,,,,needs_web_verification,,,http://www.banana-hall.com/,〒530-0027 大阪府大阪市北区堂山町１−２１ モンテビルB 1,019e8284-72c7-775a-99b2-f53a45b873a3
venue_舞洲スポ_ツアイランド,舞洲スポーツアイランド,outdoor_festival,,,,needs_web_verification,,,https://shisetsu.mizuno.jp/m-7402,〒554-0042 大阪府大阪市此花区北港緑地２丁目１−１２８,019e8284-7a4b-7c49-be49-2ae9cd6bbd08|019e8284-7e7f-7b86-95f0-fe75d00dbf0a|019e8284-91ae-7ed9-b2fd-9d57a699a55c
venue_福岡_スカラエスパシオ,福岡　スカラエスパシオ,hall,,,,needs_web_verification,,,https://espacio.ne.jp/,〒810-0004 福岡県福岡市中央区渡辺通４丁目８−２８ F.Tビル 地下2階,019e8284-83a3-7078-a347-a1dd9298e757
venue_福岡unitedlab,福岡UNITEDLAB,live_house,,,,needs_web_verification,,,https://unitedlab.live/,福岡市中央区大名 1-3-36,019e8284-89f1-7259-9f8c-d861048a59e6
venue_福岡国際会議場メインホ_ル,福岡国際会議場メインホール,hall,,,,needs_web_verification,,,https://www.marinemesse.or.jp/messe-b/access/,福岡県福岡市博多区沖浜町7-1,019e8284-9148-7f4e-b33a-0a731e8b057e
venue_豊洲pit,豊洲PIT,live_house,,,,needs_web_verification,,,,〒135-0061 東京都江東区豊洲６丁目１−２３,019e8284-7136-7d18-868c-c3b750f137e1
venue_幕張メッセ,幕張メッセ,exhibition,,,,needs_web_verification,,,https://www.m-messe.co.jp/,〒261-8550 千葉県千葉市美浜区中瀬２丁目１,019e8284-7196-75bd-8b5d-ddadb0486814|019e8284-7566-707f-a39f-740c8fb977eb|019e8284-75cf-7efc-b07c-aa9eed16fc5c|019e8284-7c09-7e10-b969-8ef960700248|019e8284-7fed-78ad-ad9d-20795e2f7383|019e8284-819d-7fed-936d-a92751a327d7|019e8284-8332-795c-8108-36792fad7e31|019e8284-8f1f-7d9d-85bb-a47e9600de25|019e8284-90d7-7b4e-98f3-b4b3e0d08f21
venue_名古屋_e_l_l,名古屋 E.L.L.,live_house,,,,needs_web_verification,,,https://www.ell.co.jp/,〒460-0011 愛知県名古屋市中区大須２丁目１０−３５,019e8284-72c7-775a-99b2-f53a45b873a3
venue_名古屋ダイアモンドホ_ル,名古屋ダイアモンドホール,hall,,,,needs_web_verification,,,http://diamond.sflag.co.jp/,〒460-0007 愛知県名古屋市中区新栄２丁目１−９ 雲竜フレックスビル西館5F,019e8284-769c-725d-b466-ae659843b954
venue_恋の浦海岸,恋の浦海岸,outdoor_festival,,,,needs_web_verification,,,,〒811-3307 福岡県福津市渡６４１,019e8284-7401-7fdb-a8b3-6ad9c08e61eb
venue_蜚声_phase_live_house,蜚声 PHASE LIVE HOUSE,live_house,,,,needs_web_verification,,,,,019e8284-825f-70e6-a02e-a13ba8fa9c23
venue_东郎east_live,东郎EAST LIVE,live_house,,,,needs_web_verification,,,,,019e8284-825f-70e6-a02e-a13ba8fa9c23
